{
  "ДЫХАТЕЛЬНЫЕ": {
    "precision": 0.8279569892473119,
    "recall": 0.8461538461538461,
    "f1-score": 0.8369565217391305,
    "support": 91.0
  },
  "ЖКТ/БРЮШНЫЕ": {
    "precision": 0.7959183673469388,
    "recall": 0.75,
    "f1-score": 0.7722772277227723,
    "support": 52.0
  },
  "КАРДИО+НЕВРО": {
    "precision": 0.8755980861244019,
    "recall": 0.8591549295774648,
    "f1-score": 0.8672985781990521,
    "support": 213.0
  },
  "КОЖА": {
    "precision": 0.9259259259259259,
    "recall": 0.8620689655172413,
    "f1-score": 0.8928571428571429,
    "support": 29.0
  },
  "МОЧЕПОЛОВЫЕ/ТАЗ": {
    "precision": 0.9166666666666666,
    "recall": 0.9322033898305084,
    "f1-score": 0.9243697478991597,
    "support": 118.0
  },
  "ПОЗВОНОЧНИК": {
    "precision": 0.8169014084507042,
    "recall": 0.8467153284671532,
    "f1-score": 0.8315412186379928,
    "support": 137.0
  },
  "СУСТАВЫ": {
    "precision": 0.8125,
    "recall": 0.8666666666666667,
    "f1-score": 0.8387096774193549,
    "support": 60.0
  },
  "ЭНДОКРИН/МЕТАБОЛ": {
    "precision": 0.8910891089108911,
    "recall": 0.8571428571428571,
    "f1-score": 0.8737864077669902,
    "support": 105.0
  },
  "accuracy": 0.8596273291925466,
  "macro avg": {
    "precision": 0.8578195690841051,
    "recall": 0.8525132479194673,
    "f1-score": 0.8547245652801994,
    "support": 805.0
  },
  "weighted avg": {
    "precision": 0.8602268340123632,
    "recall": 0.8596273291925466,
    "f1-score": 0.8596470115345359,
    "support": 805.0
  }
}