{
  "ДЫХАТЕЛЬНЫЕ": {
    "precision": 0.8279569892473119,
    "recall": 0.8461538461538461,
    "f1-score": 0.8369565217391305,
    "support": 91.0
  },
  "ЖКТ/БРЮШНЫЕ": {
    "precision": 0.7959183673469388,
    "recall": 0.75,
    "f1-score": 0.7722772277227723,
    "support": 52.0
  },
  "КАРДИО+НЕВРО": {
    "precision": 0.875,
    "recall": 0.8584905660377359,
    "f1-score": 0.8666666666666667,
    "support": 212.0
  },
  "КОЖА": {
    "precision": 0.9259259259259259,
    "recall": 0.8620689655172413,
    "f1-score": 0.8928571428571429,
    "support": 29.0
  },
  "МОЧЕПОЛОВЫЕ/ТАЗ": {
    "precision": 0.9166666666666666,
    "recall": 0.9322033898305084,
    "f1-score": 0.9243697478991597,
    "support": 118.0
  },
  "ПОЗВОНОЧНИК": {
    "precision": 0.8169014084507042,
    "recall": 0.8467153284671532,
    "f1-score": 0.8315412186379928,
    "support": 137.0
  },
  "СУСТАВЫ": {
    "precision": 0.8125,
    "recall": 0.8666666666666667,
    "f1-score": 0.8387096774193549,
    "support": 60.0
  },
  "ЭНДОКРИН/МЕТАБОЛ": {
    "precision": 0.8910891089108911,
    "recall": 0.8571428571428571,
    "f1-score": 0.8737864077669902,
    "support": 105.0
  },
  "accuracy": 0.8594527363184079,
  "macro avg": {
    "precision": 0.8577448083185548,
    "recall": 0.8524302024770012,
    "f1-score": 0.8546455763386512,
    "support": 804.0
  },
  "weighted avg": {
    "precision": 0.8600500112381277,
    "recall": 0.8594527363184079,
    "f1-score": 0.8594708712216873,
    "support": 804.0
  }
}