{
  "ДЫХАТЕЛЬНЫЕ": {
    "precision": 0.7777777777777778,
    "recall": 0.8842105263157894,
    "f1-score": 0.8275862068965517,
    "support": 95.0
  },
  "ЖКТ/БРЮШНЫЕ": {
    "precision": 0.7567567567567568,
    "recall": 0.5490196078431373,
    "f1-score": 0.6363636363636364,
    "support": 51.0
  },
  "КАРДИО+НЕВРО": {
    "precision": 0.868995633187773,
    "recall": 0.8189300411522634,
    "f1-score": 0.8432203389830508,
    "support": 243.0
  },
  "КОЖА": {
    "precision": 0.9117647058823529,
    "recall": 0.8157894736842105,
    "f1-score": 0.8611111111111112,
    "support": 38.0
  },
  "МОЧЕПОЛОВЫЕ/ТАЗ": {
    "precision": 0.828125,
    "recall": 0.9464285714285714,
    "f1-score": 0.8833333333333333,
    "support": 112.0
  },
  "ПОЗВОНОЧНИК": {
    "precision": 0.8613138686131386,
    "recall": 0.855072463768116,
    "f1-score": 0.8581818181818182,
    "support": 138.0
  },
  "СУСТАВЫ": {
    "precision": 0.8709677419354839,
    "recall": 0.9473684210526315,
    "f1-score": 0.907563025210084,
    "support": 57.0
  },
  "ЭНДОКРИН/МЕТАБОЛ": {
    "precision": 0.8076923076923077,
    "recall": 0.8,
    "f1-score": 0.8038277511961722,
    "support": 105.0
  },
  "accuracy": 0.8390941597139452,
  "macro avg": {
    "precision": 0.8354242239806988,
    "recall": 0.8271023881555899,
    "f1-score": 0.8276484026594697,
    "support": 839.0
  },
  "weighted avg": {
    "precision": 0.8395240150634921,
    "recall": 0.8390941597139452,
    "f1-score": 0.8369433018591401,
    "support": 839.0
  }
}