{
  "ДЫХАТЕЛЬНЫЕ": {
    "precision": 0.8876404494382022,
    "recall": 0.8681318681318682,
    "f1-score": 0.8777777777777778,
    "support": 91.0
  },
  "ЖКТ/БРЮШНЫЕ": {
    "precision": 0.7735849056603774,
    "recall": 0.7884615384615384,
    "f1-score": 0.780952380952381,
    "support": 52.0
  },
  "КАРДИО+НЕВРО": {
    "precision": 0.8817733990147784,
    "recall": 0.8443396226415094,
    "f1-score": 0.8626506024096385,
    "support": 212.0
  },
  "КОЖА": {
    "precision": 0.8666666666666667,
    "recall": 0.896551724137931,
    "f1-score": 0.8813559322033898,
    "support": 29.0
  },
  "МОЧЕПОЛОВЫЕ/ТАЗ": {
    "precision": 0.9338842975206612,
    "recall": 0.9576271186440678,
    "f1-score": 0.9456066945606695,
    "support": 118.0
  },
  "ПОЗВОНОЧНИК": {
    "precision": 0.8287671232876712,
    "recall": 0.8832116788321168,
    "f1-score": 0.8551236749116607,
    "support": 137.0
  },
  "СУСТАВЫ": {
    "precision": 0.8524590163934426,
    "recall": 0.8666666666666667,
    "f1-score": 0.859504132231405,
    "support": 60.0
  },
  "ЭНДОКРИН/МЕТАБОЛ": {
    "precision": 0.900990099009901,
    "recall": 0.8666666666666667,
    "f1-score": 0.883495145631068,
    "support": 105.0
  },
  "accuracy": 0.8731343283582089,
  "macro avg": {
    "precision": 0.8657207446239625,
    "recall": 0.8714571105227956,
    "f1-score": 0.8683082925847487,
    "support": 804.0
  },
  "weighted avg": {
    "precision": 0.8738332516109173,
    "recall": 0.8731343283582089,
    "f1-score": 0.873133486291351,
    "support": 804.0
  }
}