{
  "ДЫХАТЕЛЬНЫЕ": {
    "precision": 0.7980769230769231,
    "recall": 0.8736842105263158,
    "f1-score": 0.8341708542713567,
    "support": 95.0
  },
  "ЖКТ/БРЮШНЫЕ": {
    "precision": 0.7317073170731707,
    "recall": 0.5882352941176471,
    "f1-score": 0.6521739130434783,
    "support": 51.0
  },
  "КАРДИО+НЕВРО": {
    "precision": 0.868995633187773,
    "recall": 0.8257261410788381,
    "f1-score": 0.8468085106382979,
    "support": 241.0
  },
  "КОЖА": {
    "precision": 0.96875,
    "recall": 0.8157894736842105,
    "f1-score": 0.8857142857142857,
    "support": 38.0
  },
  "МОЧЕПОЛОВЫЕ/ТАЗ": {
    "precision": 0.8267716535433071,
    "recall": 0.9375,
    "f1-score": 0.8786610878661087,
    "support": 112.0
  },
  "ПОЗВОНОЧНИК": {
    "precision": 0.8613138686131386,
    "recall": 0.855072463768116,
    "f1-score": 0.8581818181818182,
    "support": 138.0
  },
  "СУСТАВЫ": {
    "precision": 0.859375,
    "recall": 0.9649122807017544,
    "f1-score": 0.9090909090909091,
    "support": 57.0
  },
  "ЭНДОКРИН/МЕТАБОЛ": {
    "precision": 0.8058252427184466,
    "recall": 0.7904761904761904,
    "f1-score": 0.7980769230769231,
    "support": 105.0
  },
  "accuracy": 0.8410991636798089,
  "macro avg": {
    "precision": 0.8401019547765949,
    "recall": 0.831424506794134,
    "f1-score": 0.8328597877353973,
    "support": 837.0
  },
  "weighted avg": {
    "precision": 0.8416136117230503,
    "recall": 0.8410991636798089,
    "f1-score": 0.8395465784149615,
    "support": 837.0
  }
}