{
  "ДЫХАТЕЛЬНЫЕ": {
    "precision": 0.782051282051282,
    "recall": 0.6703296703296703,
    "f1-score": 0.7218934911242604,
    "support": 91.0
  },
  "ЖКТ/БРЮШНЫЕ": {
    "precision": 0.75,
    "recall": 0.5769230769230769,
    "f1-score": 0.6521739130434783,
    "support": 52.0
  },
  "КАРДИО+НЕВРО": {
    "precision": 0.5235109717868338,
    "recall": 0.784037558685446,
    "f1-score": 0.6278195488721805,
    "support": 213.0
  },
  "КОЖА": {
    "precision": 0.6666666666666666,
    "recall": 0.3448275862068966,
    "f1-score": 0.45454545454545453,
    "support": 29.0
  },
  "МОЧЕПОЛОВЫЕ/ТАЗ": {
    "precision": 0.7966101694915254,
    "recall": 0.7966101694915254,
    "f1-score": 0.7966101694915254,
    "support": 118.0
  },
  "ПОЗВОНОЧНИК": {
    "precision": 0.7226890756302521,
    "recall": 0.6277372262773723,
    "f1-score": 0.671875,
    "support": 137.0
  },
  "СУСТАВЫ": {
    "precision": 0.8421052631578947,
    "recall": 0.26666666666666666,
    "f1-score": 0.4050632911392405,
    "support": 60.0
  },
  "ЭНДОКРИН/МЕТАБОЛ": {
    "precision": 0.4845360824742268,
    "recall": 0.44761904761904764,
    "f1-score": 0.46534653465346537,
    "support": 105.0
  },
  "accuracy": 0.6347826086956522,
  "macro avg": {
    "precision": 0.6960211889073351,
    "recall": 0.5643438752749628,
    "f1-score": 0.5994159253587006,
    "support": 805.0
  },
  "weighted avg": {
    "precision": 0.6651165773928044,
    "recall": 0.6347826086956522,
    "f1-score": 0.628229555116931,
    "support": 805.0
  }
}