{
  "ДЫХАТЕЛЬНЫЕ": {
    "precision": 0.8045977011494253,
    "recall": 0.7692307692307693,
    "f1-score": 0.7865168539325843,
    "support": 91.0
  },
  "ЖКТ/БРЮШНЫЕ": {
    "precision": 0.569620253164557,
    "recall": 0.8653846153846154,
    "f1-score": 0.6870229007633588,
    "support": 52.0
  },
  "КАРДИО+НЕВРО": {
    "precision": 0.788546255506608,
    "recall": 0.8403755868544601,
    "f1-score": 0.8136363636363636,
    "support": 213.0
  },
  "КОЖА": {
    "precision": 0.8181818181818182,
    "recall": 0.6206896551724138,
    "f1-score": 0.7058823529411765,
    "support": 29.0
  },
  "МОЧЕПОЛОВЫЕ/ТАЗ": {
    "precision": 0.9122807017543859,
    "recall": 0.8813559322033898,
    "f1-score": 0.896551724137931,
    "support": 118.0
  },
  "ПОЗВОНОЧНИК": {
    "precision": 0.8181818181818182,
    "recall": 0.8540145985401459,
    "f1-score": 0.8357142857142857,
    "support": 137.0
  },
  "СУСТАВЫ": {
    "precision": 0.7936507936507936,
    "recall": 0.8333333333333334,
    "f1-score": 0.8130081300813008,
    "support": 60.0
  },
  "ЭНДОКРИН/МЕТАБОЛ": {
    "precision": 0.8142857142857143,
    "recall": 0.5428571428571428,
    "f1-score": 0.6514285714285715,
    "support": 105.0
  },
  "accuracy": 0.7950310559006211,
  "macro avg": {
    "precision": 0.7899181319843901,
    "recall": 0.7759052041970338,
    "f1-score": 0.7737201478294466,
    "support": 805.0
  },
  "weighted avg": {
    "precision": 0.8042054020326821,
    "recall": 0.7950310559006211,
    "f1-score": 0.7932171510974042,
    "support": 805.0
  }
}