{
  "ДЫХАТЕЛЬНЫЕ": {
    "precision": 0.7788461538461539,
    "recall": 0.8526315789473684,
    "f1-score": 0.8140703517587939,
    "support": 95.0
  },
  "ЖКТ/БРЮШНЫЕ": {
    "precision": 0.8157894736842105,
    "recall": 0.6078431372549019,
    "f1-score": 0.6966292134831461,
    "support": 51.0
  },
  "КАРДИО+НЕВРО": {
    "precision": 0.8518518518518519,
    "recall": 0.8518518518518519,
    "f1-score": 0.8518518518518519,
    "support": 243.0
  },
  "КОЖА": {
    "precision": 0.8157894736842105,
    "recall": 0.8157894736842105,
    "f1-score": 0.8157894736842105,
    "support": 38.0
  },
  "МОЧЕПОЛОВЫЕ/ТАЗ": {
    "precision": 0.8983050847457628,
    "recall": 0.9464285714285714,
    "f1-score": 0.9217391304347826,
    "support": 112.0
  },
  "ПОЗВОНОЧНИК": {
    "precision": 0.8714285714285714,
    "recall": 0.8840579710144928,
    "f1-score": 0.8776978417266187,
    "support": 138.0
  },
  "СУСТАВЫ": {
    "precision": 0.8548387096774194,
    "recall": 0.9298245614035088,
    "f1-score": 0.8907563025210085,
    "support": 57.0
  },
  "ЭНДОКРИН/МЕТАБОЛ": {
    "precision": 0.8958333333333334,
    "recall": 0.819047619047619,
    "f1-score": 0.8557213930348259,
    "support": 105.0
  },
  "accuracy": 0.8545887961859356,
  "macro avg": {
    "precision": 0.8478353315314392,
    "recall": 0.8384343455790656,
    "f1-score": 0.8405319448119047,
    "support": 839.0
  },
  "weighted avg": {
    "precision": 0.8548882795870805,
    "recall": 0.8545887961859356,
    "f1-score": 0.853213007847496,
    "support": 839.0
  }
}