{
  "ДЫХАТЕЛЬНЫЕ": {
    "precision": 0.8602150537634409,
    "recall": 0.8791208791208791,
    "f1-score": 0.8695652173913043,
    "support": 91.0
  },
  "ЖКТ/БРЮШНЫЕ": {
    "precision": 0.7872340425531915,
    "recall": 0.7115384615384616,
    "f1-score": 0.7474747474747475,
    "support": 52.0
  },
  "КАРДИО+НЕВРО": {
    "precision": 0.8606965174129353,
    "recall": 0.8160377358490566,
    "f1-score": 0.837772397094431,
    "support": 212.0
  },
  "КОЖА": {
    "precision": 0.9130434782608695,
    "recall": 0.7241379310344828,
    "f1-score": 0.8076923076923077,
    "support": 29.0
  },
  "МОЧЕПОЛОВЫЕ/ТАЗ": {
    "precision": 0.888,
    "recall": 0.940677966101695,
    "f1-score": 0.9135802469135802,
    "support": 118.0
  },
  "ПОЗВОНОЧНИК": {
    "precision": 0.85,
    "recall": 0.8686131386861314,
    "f1-score": 0.8592057761732852,
    "support": 137.0
  },
  "СУСТАВЫ": {
    "precision": 0.8571428571428571,
    "recall": 0.9,
    "f1-score": 0.8780487804878049,
    "support": 60.0
  },
  "ЭНДОКРИН/МЕТАБОЛ": {
    "precision": 0.8035714285714286,
    "recall": 0.8571428571428571,
    "f1-score": 0.8294930875576036,
    "support": 105.0
  },
  "accuracy": 0.8519900497512438,
  "macro avg": {
    "precision": 0.8524879222130903,
    "recall": 0.8371586211841955,
    "f1-score": 0.8428540700981331,
    "support": 804.0
  },
  "weighted avg": {
    "precision": 0.8522378533518881,
    "recall": 0.8519900497512438,
    "f1-score": 0.8511483933491929,
    "support": 804.0
  }
}