{
  "ДЫХАТЕЛЬНЫЕ": {
    "precision": 0.7798165137614679,
    "recall": 0.8947368421052632,
    "f1-score": 0.8333333333333334,
    "support": 95.0
  },
  "ЖКТ/БРЮШНЫЕ": {
    "precision": 0.825,
    "recall": 0.6470588235294118,
    "f1-score": 0.7252747252747253,
    "support": 51.0
  },
  "КАРДИО+НЕВРО": {
    "precision": 0.8601694915254238,
    "recall": 0.8423236514522822,
    "f1-score": 0.8511530398322851,
    "support": 241.0
  },
  "КОЖА": {
    "precision": 0.8611111111111112,
    "recall": 0.8157894736842105,
    "f1-score": 0.8378378378378378,
    "support": 38.0
  },
  "МОЧЕПОЛОВЫЕ/ТАЗ": {
    "precision": 0.9224137931034483,
    "recall": 0.9553571428571429,
    "f1-score": 0.9385964912280702,
    "support": 112.0
  },
  "ПОЗВОНОЧНИК": {
    "precision": 0.8776978417266187,
    "recall": 0.8840579710144928,
    "f1-score": 0.8808664259927798,
    "support": 138.0
  },
  "СУСТАВЫ": {
    "precision": 0.8688524590163934,
    "recall": 0.9298245614035088,
    "f1-score": 0.8983050847457628,
    "support": 57.0
  },
  "ЭНДОКРИН/МЕТАБОЛ": {
    "precision": 0.89,
    "recall": 0.8476190476190476,
    "f1-score": 0.8682926829268293,
    "support": 105.0
  },
  "accuracy": 0.8637992831541219,
  "macro avg": {
    "precision": 0.860632651280558,
    "recall": 0.85209593920817,
    "f1-score": 0.8542074526464529,
    "support": 837.0
  },
  "weighted avg": {
    "precision": 0.8645016435328349,
    "recall": 0.8637992831541219,
    "f1-score": 0.8628170769838343,
    "support": 837.0
  }
}