{
  "ДЫХАТЕЛЬНЫЕ": {
    "precision": 0.7757009345794392,
    "recall": 0.8736842105263158,
    "f1-score": 0.8217821782178217,
    "support": 95.0
  },
  "ЖКТ/БРЮШНЫЕ": {
    "precision": 0.6851851851851852,
    "recall": 0.7254901960784313,
    "f1-score": 0.7047619047619048,
    "support": 51.0
  },
  "КАРДИО+НЕВРО": {
    "precision": 0.8609865470852018,
    "recall": 0.7966804979253111,
    "f1-score": 0.8275862068965517,
    "support": 241.0
  },
  "КОЖА": {
    "precision": 0.775,
    "recall": 0.8157894736842105,
    "f1-score": 0.7948717948717948,
    "support": 38.0
  },
  "МОЧЕПОЛОВЫЕ/ТАЗ": {
    "precision": 0.8793103448275862,
    "recall": 0.9107142857142857,
    "f1-score": 0.8947368421052632,
    "support": 112.0
  },
  "ПОЗВОНОЧНИК": {
    "precision": 0.8602941176470589,
    "recall": 0.8478260869565217,
    "f1-score": 0.8540145985401459,
    "support": 138.0
  },
  "СУСТАВЫ": {
    "precision": 0.7936507936507936,
    "recall": 0.8771929824561403,
    "f1-score": 0.8333333333333334,
    "support": 57.0
  },
  "ЭНДОКРИН/МЕТАБОЛ": {
    "precision": 0.8673469387755102,
    "recall": 0.8095238095238095,
    "f1-score": 0.8374384236453202,
    "support": 105.0
  },
  "accuracy": 0.8327359617682198,
  "macro avg": {
    "precision": 0.8121843577188469,
    "recall": 0.8321126928581283,
    "f1-score": 0.821065660296517,
    "support": 837.0
  },
  "weighted avg": {
    "precision": 0.8352409339815202,
    "recall": 0.8327359617682198,
    "f1-score": 0.8329284869030295,
    "support": 837.0
  }
}