{
  "ДЫХАТЕЛЬНЫЕ": {
    "precision": 0.7864077669902912,
    "recall": 0.8526315789473684,
    "f1-score": 0.8181818181818182,
    "support": 95.0
  },
  "ЖКТ/БРЮШНЫЕ": {
    "precision": 0.8157894736842105,
    "recall": 0.6078431372549019,
    "f1-score": 0.6966292134831461,
    "support": 51.0
  },
  "КАРДИО+НЕВРО": {
    "precision": 0.8518518518518519,
    "recall": 0.8589211618257261,
    "f1-score": 0.8553719008264463,
    "support": 241.0
  },
  "КОЖА": {
    "precision": 0.8157894736842105,
    "recall": 0.8157894736842105,
    "f1-score": 0.8157894736842105,
    "support": 38.0
  },
  "МОЧЕПОЛОВЫЕ/ТАЗ": {
    "precision": 0.8983050847457628,
    "recall": 0.9464285714285714,
    "f1-score": 0.9217391304347826,
    "support": 112.0
  },
  "ПОЗВОНОЧНИК": {
    "precision": 0.8776978417266187,
    "recall": 0.8840579710144928,
    "f1-score": 0.8808664259927798,
    "support": 138.0
  },
  "СУСТАВЫ": {
    "precision": 0.8548387096774194,
    "recall": 0.9298245614035088,
    "f1-score": 0.8907563025210085,
    "support": 57.0
  },
  "ЭНДОКРИН/МЕТАБОЛ": {
    "precision": 0.8958333333333334,
    "recall": 0.819047619047619,
    "f1-score": 0.8557213930348259,
    "support": 105.0
  },
  "accuracy": 0.8566308243727598,
  "macro avg": {
    "precision": 0.8495641919617123,
    "recall": 0.8393180093257999,
    "f1-score": 0.8418819572698772,
    "support": 837.0
  },
  "weighted avg": {
    "precision": 0.8567874258299647,
    "recall": 0.8566308243727598,
    "f1-score": 0.8552188717110396,
    "support": 837.0
  }
}