{
  "ДЫХАТЕЛЬНЫЕ": {
    "precision": 0.8152173913043478,
    "recall": 0.8241758241758241,
    "f1-score": 0.819672131147541,
    "support": 91.0
  },
  "ЖКТ/БРЮШНЫЕ": {
    "precision": 0.7,
    "recall": 0.8076923076923077,
    "f1-score": 0.75,
    "support": 52.0
  },
  "КАРДИО+НЕВРО": {
    "precision": 0.8017241379310345,
    "recall": 0.8732394366197183,
    "f1-score": 0.8359550561797753,
    "support": 213.0
  },
  "КОЖА": {
    "precision": 0.8,
    "recall": 0.6896551724137931,
    "f1-score": 0.7407407407407407,
    "support": 29.0
  },
  "МОЧЕПОЛОВЫЕ/ТАЗ": {
    "precision": 0.9196428571428571,
    "recall": 0.8728813559322034,
    "f1-score": 0.8956521739130435,
    "support": 118.0
  },
  "ПОЗВОНОЧНИК": {
    "precision": 0.8692307692307693,
    "recall": 0.8248175182481752,
    "f1-score": 0.846441947565543,
    "support": 137.0
  },
  "СУСТАВЫ": {
    "precision": 0.8571428571428571,
    "recall": 0.8,
    "f1-score": 0.8275862068965517,
    "support": 60.0
  },
  "ЭНДОКРИН/МЕТАБОЛ": {
    "precision": 0.8775510204081632,
    "recall": 0.819047619047619,
    "f1-score": 0.8472906403940886,
    "support": 105.0
  },
  "accuracy": 0.8360248447204969,
  "macro avg": {
    "precision": 0.8300636291450036,
    "recall": 0.813938654266205,
    "f1-score": 0.8204173621046604,
    "support": 805.0
  },
  "weighted avg": {
    "precision": 0.8394110870644809,
    "recall": 0.8360248447204969,
    "f1-score": 0.8365220687895538,
    "support": 805.0
  }
}