{
  "ДЫХАТЕЛЬНЫЕ": {
    "precision": 0.8526315789473684,
    "recall": 0.8901098901098901,
    "f1-score": 0.8709677419354839,
    "support": 91.0
  },
  "ЖКТ/БРЮШНЫЕ": {
    "precision": 0.74,
    "recall": 0.7115384615384616,
    "f1-score": 0.7254901960784313,
    "support": 52.0
  },
  "КАРДИО+НЕВРО": {
    "precision": 0.8736842105263158,
    "recall": 0.7830188679245284,
    "f1-score": 0.8258706467661692,
    "support": 212.0
  },
  "КОЖА": {
    "precision": 0.7142857142857143,
    "recall": 0.8620689655172413,
    "f1-score": 0.78125,
    "support": 29.0
  },
  "МОЧЕПОЛОВЫЕ/ТАЗ": {
    "precision": 0.925,
    "recall": 0.940677966101695,
    "f1-score": 0.9327731092436975,
    "support": 118.0
  },
  "ПОЗВОНОЧНИК": {
    "precision": 0.841726618705036,
    "recall": 0.8540145985401459,
    "f1-score": 0.8478260869565217,
    "support": 137.0
  },
  "СУСТАВЫ": {
    "precision": 0.8208955223880597,
    "recall": 0.9166666666666666,
    "f1-score": 0.8661417322834646,
    "support": 60.0
  },
  "ЭНДОКРИН/МЕТАБОЛ": {
    "precision": 0.7962962962962963,
    "recall": 0.819047619047619,
    "f1-score": 0.8075117370892019,
    "support": 105.0
  },
  "accuracy": 0.8432835820895522,
  "macro avg": {
    "precision": 0.8205649926435988,
    "recall": 0.8471428794307809,
    "f1-score": 0.8322289062941213,
    "support": 804.0
  },
  "weighted avg": {
    "precision": 0.844945523939129,
    "recall": 0.8432835820895522,
    "f1-score": 0.8429117151266284,
    "support": 804.0
  }
}