{
  "ДЫХАТЕЛЬНЫЕ": {
    "precision": 0.7870370370370371,
    "recall": 0.8947368421052632,
    "f1-score": 0.8374384236453202,
    "support": 95.0
  },
  "ЖКТ/БРЮШНЫЕ": {
    "precision": 0.6792452830188679,
    "recall": 0.7058823529411765,
    "f1-score": 0.6923076923076923,
    "support": 51.0
  },
  "КАРДИО+НЕВРО": {
    "precision": 0.8699551569506726,
    "recall": 0.7983539094650206,
    "f1-score": 0.8326180257510729,
    "support": 243.0
  },
  "КОЖА": {
    "precision": 0.7619047619047619,
    "recall": 0.8421052631578947,
    "f1-score": 0.8,
    "support": 38.0
  },
  "МОЧЕПОЛОВЫЕ/ТАЗ": {
    "precision": 0.8728813559322034,
    "recall": 0.9196428571428571,
    "f1-score": 0.8956521739130435,
    "support": 112.0
  },
  "ПОЗВОНОЧНИК": {
    "precision": 0.8507462686567164,
    "recall": 0.8260869565217391,
    "f1-score": 0.8382352941176471,
    "support": 138.0
  },
  "СУСТАВЫ": {
    "precision": 0.8095238095238095,
    "recall": 0.8947368421052632,
    "f1-score": 0.85,
    "support": 57.0
  },
  "ЭНДОКРИН/МЕТАБОЛ": {
    "precision": 0.8571428571428571,
    "recall": 0.8,
    "f1-score": 0.8275862068965517,
    "support": 105.0
  },
  "accuracy": 0.833134684147795,
  "macro avg": {
    "precision": 0.8110545662708657,
    "recall": 0.8351931279299019,
    "f1-score": 0.8217297270789159,
    "support": 839.0
  },
  "weighted avg": {
    "precision": 0.8356019858471585,
    "recall": 0.833134684147795,
    "f1-score": 0.8330471854614332,
    "support": 839.0
  }
}