{
  "ДЫХАТЕЛЬНЫЕ": {
    "precision": 0.8095238095238095,
    "recall": 0.8947368421052632,
    "f1-score": 0.85,
    "support": 95.0
  },
  "ЖКТ/БРЮШНЫЕ": {
    "precision": 0.8260869565217391,
    "recall": 0.7450980392156863,
    "f1-score": 0.7835051546391752,
    "support": 51.0
  },
  "КАРДИО+НЕВРО": {
    "precision": 0.8723404255319149,
    "recall": 0.8436213991769548,
    "f1-score": 0.8577405857740585,
    "support": 243.0
  },
  "КОЖА": {
    "precision": 0.9428571428571428,
    "recall": 0.868421052631579,
    "f1-score": 0.9041095890410958,
    "support": 38.0
  },
  "МОЧЕПОЛОВЫЕ/ТАЗ": {
    "precision": 0.8770491803278688,
    "recall": 0.9553571428571429,
    "f1-score": 0.9145299145299145,
    "support": 112.0
  },
  "ПОЗВОНОЧНИК": {
    "precision": 0.8732394366197183,
    "recall": 0.8985507246376812,
    "f1-score": 0.8857142857142857,
    "support": 138.0
  },
  "СУСТАВЫ": {
    "precision": 0.8484848484848485,
    "recall": 0.9824561403508771,
    "f1-score": 0.9105691056910569,
    "support": 57.0
  },
  "ЭНДОКРИН/МЕТАБОЛ": {
    "precision": 0.9545454545454546,
    "recall": 0.8,
    "f1-score": 0.8704663212435233,
    "support": 105.0
  },
  "accuracy": 0.8724672228843862,
  "macro avg": {
    "precision": 0.8755159068015621,
    "recall": 0.8735301676218981,
    "f1-score": 0.8720793695791387,
    "support": 839.0
  },
  "weighted avg": {
    "precision": 0.8750535769503562,
    "recall": 0.8724672228843862,
    "f1-score": 0.8718155115901524,
    "support": 839.0
  }
}