{
  "ДЫХАТЕЛЬНЫЕ": {
    "precision": 0.8041237113402062,
    "recall": 0.8571428571428571,
    "f1-score": 0.8297872340425532,
    "support": 91.0
  },
  "ЖКТ/БРЮШНЫЕ": {
    "precision": 0.72,
    "recall": 0.6923076923076923,
    "f1-score": 0.7058823529411765,
    "support": 52.0
  },
  "КАРДИО+НЕВРО": {
    "precision": 0.8716577540106952,
    "recall": 0.7652582159624414,
    "f1-score": 0.815,
    "support": 213.0
  },
  "КОЖА": {
    "precision": 0.7741935483870968,
    "recall": 0.8275862068965517,
    "f1-score": 0.8,
    "support": 29.0
  },
  "МОЧЕПОЛОВЫЕ/ТАЗ": {
    "precision": 0.9327731092436975,
    "recall": 0.940677966101695,
    "f1-score": 0.9367088607594937,
    "support": 118.0
  },
  "ПОЗВОНОЧНИК": {
    "precision": 0.8357142857142857,
    "recall": 0.8540145985401459,
    "f1-score": 0.8447653429602888,
    "support": 137.0
  },
  "СУСТАВЫ": {
    "precision": 0.8088235294117647,
    "recall": 0.9166666666666666,
    "f1-score": 0.859375,
    "support": 60.0
  },
  "ЭНДОКРИН/МЕТАБОЛ": {
    "precision": 0.7787610619469026,
    "recall": 0.8380952380952381,
    "f1-score": 0.8073394495412844,
    "support": 105.0
  },
  "accuracy": 0.8347826086956521,
  "macro avg": {
    "precision": 0.8157558750068311,
    "recall": 0.836468680214161,
    "f1-score": 0.8248572800305995,
    "support": 805.0
  },
  "weighted avg": {
    "precision": 0.8367569932201326,
    "recall": 0.8347826086956521,
    "f1-score": 0.8342970936743207,
    "support": 805.0
  }
}