{
  "ДЫХАТЕЛЬНЫЕ": {
    "precision": 0.8383838383838383,
    "recall": 0.9120879120879121,
    "f1-score": 0.8736842105263158,
    "support": 91.0
  },
  "ЖКТ/БРЮШНЫЕ": {
    "precision": 0.7818181818181819,
    "recall": 0.8269230769230769,
    "f1-score": 0.8037383177570093,
    "support": 52.0
  },
  "КАРДИО+НЕВРО": {
    "precision": 0.9020618556701031,
    "recall": 0.8215962441314554,
    "f1-score": 0.85995085995086,
    "support": 213.0
  },
  "КОЖА": {
    "precision": 0.92,
    "recall": 0.7931034482758621,
    "f1-score": 0.8518518518518519,
    "support": 29.0
  },
  "МОЧЕПОЛОВЫЕ/ТАЗ": {
    "precision": 0.9557522123893806,
    "recall": 0.9152542372881356,
    "f1-score": 0.935064935064935,
    "support": 118.0
  },
  "ПОЗВОНОЧНИК": {
    "precision": 0.82,
    "recall": 0.8978102189781022,
    "f1-score": 0.8571428571428571,
    "support": 137.0
  },
  "СУСТАВЫ": {
    "precision": 0.8461538461538461,
    "recall": 0.9166666666666666,
    "f1-score": 0.88,
    "support": 60.0
  },
  "ЭНДОКРИН/МЕТАБОЛ": {
    "precision": 0.8653846153846154,
    "recall": 0.8571428571428571,
    "f1-score": 0.861244019138756,
    "support": 105.0
  },
  "accuracy": 0.8695652173913043,
  "macro avg": {
    "precision": 0.8661943187249956,
    "recall": 0.8675730826867585,
    "f1-score": 0.8653346314290731,
    "support": 805.0
  },
  "weighted avg": {
    "precision": 0.8726956850332533,
    "recall": 0.8695652173913043,
    "f1-score": 0.8697760848823594,
    "support": 805.0
  }
}