{
  "ДЫХАТЕЛЬНЫЕ": {
    "precision": 0.8133333333333334,
    "recall": 0.6703296703296703,
    "f1-score": 0.7349397590361446,
    "support": 91.0
  },
  "ЖКТ/БРЮШНЫЕ": {
    "precision": 0.6222222222222222,
    "recall": 0.5384615384615384,
    "f1-score": 0.5773195876288659,
    "support": 52.0
  },
  "КАРДИО+НЕВРО": {
    "precision": 0.6325088339222615,
    "recall": 0.8443396226415094,
    "f1-score": 0.7232323232323232,
    "support": 212.0
  },
  "КОЖА": {
    "precision": 0.7647058823529411,
    "recall": 0.4482758620689655,
    "f1-score": 0.5652173913043478,
    "support": 29.0
  },
  "МОЧЕПОЛОВЫЕ/ТАЗ": {
    "precision": 0.853448275862069,
    "recall": 0.8389830508474576,
    "f1-score": 0.8461538461538461,
    "support": 118.0
  },
  "ПОЗВОНОЧНИК": {
    "precision": 0.7424242424242424,
    "recall": 0.7153284671532847,
    "f1-score": 0.7286245353159851,
    "support": 137.0
  },
  "СУСТАВЫ": {
    "precision": 0.9230769230769231,
    "recall": 0.4,
    "f1-score": 0.5581395348837209,
    "support": 60.0
  },
  "ЭНДОКРИН/МЕТАБОЛ": {
    "precision": 0.4818181818181818,
    "recall": 0.5047619047619047,
    "f1-score": 0.4930232558139535,
    "support": 105.0
  },
  "accuracy": 0.6902985074626866,
  "macro avg": {
    "precision": 0.7291922368765218,
    "recall": 0.6200600145330414,
    "f1-score": 0.6533312791711484,
    "support": 804.0
  },
  "weighted avg": {
    "precision": 0.7102385255074796,
    "recall": 0.6902985074626866,
    "f1-score": 0.6859953017910461,
    "support": 804.0
  }
}