{
  "ДЫХАТЕЛЬНЫЕ": {
    "precision": 0.8404255319148937,
    "recall": 0.8681318681318682,
    "f1-score": 0.8540540540540541,
    "support": 91.0
  },
  "ЖКТ/БРЮШНЫЕ": {
    "precision": 0.7254901960784313,
    "recall": 0.7115384615384616,
    "f1-score": 0.7184466019417476,
    "support": 52.0
  },
  "КАРДИО+НЕВРО": {
    "precision": 0.87,
    "recall": 0.8169014084507042,
    "f1-score": 0.8426150121065376,
    "support": 213.0
  },
  "КОЖА": {
    "precision": 0.92,
    "recall": 0.7931034482758621,
    "f1-score": 0.8518518518518519,
    "support": 29.0
  },
  "МОЧЕПОЛОВЫЕ/ТАЗ": {
    "precision": 0.8934426229508197,
    "recall": 0.923728813559322,
    "f1-score": 0.9083333333333333,
    "support": 118.0
  },
  "ПОЗВОНОЧНИК": {
    "precision": 0.8333333333333334,
    "recall": 0.8759124087591241,
    "f1-score": 0.8540925266903915,
    "support": 137.0
  },
  "СУСТАВЫ": {
    "precision": 0.8125,
    "recall": 0.8666666666666667,
    "f1-score": 0.8387096774193549,
    "support": 60.0
  },
  "ЭНДОКРИН/МЕТАБОЛ": {
    "precision": 0.8095238095238095,
    "recall": 0.8095238095238095,
    "f1-score": 0.8095238095238095,
    "support": 105.0
  },
  "accuracy": 0.8434782608695652,
  "macro avg": {
    "precision": 0.838089436725161,
    "recall": 0.8331883606132273,
    "f1-score": 0.834703358365135,
    "support": 805.0
  },
  "weighted avg": {
    "precision": 0.8441454779816114,
    "recall": 0.8434782608695652,
    "f1-score": 0.8431992964439308,
    "support": 805.0
  }
}